{
    "33_275_mean.json": {
        "HF_energy": -150.1167496595689,
        "DMRG_energy_2": -150.1232835254224,
        "DMRG_energy_16": -150.1300840464275,
        "FCI_energy": -150.1300896885034,
        "QSCI_noisy_energy": -150.12923581745244
    },
    "19_275_mean.json": {
        "HF_energy": -149.3186764197275,
        "DMRG_energy_2": -149.32322805217512,
        "DMRG_energy_16": -148.95287076346276,
        "FCI_energy": -149.3294021550077,
        "QSCI_noisy_energy": -149.32346379080406
    },
    "33_350_mean.json": {
        "HF_energy": -150.108588587638,
        "DMRG_energy_2": -150.11966857923244,
        "DMRG_energy_16": -150.12882546232655,
        "FCI_energy": -150.12883397698164,
        "QSCI_noisy_energy": -150.12782555909715
    },
    "19_350_mean.json": {
        "HF_energy": -149.85589468766776,
        "DMRG_energy_2": -149.86118679385982,
        "DMRG_energy_16": -149.86849969687086,
        "FCI_energy": -149.8685153828368,
        "QSCI_noisy_energy": -149.86183228229578
    },
    "26_200_mean.json": {
        "HF_energy": -149.3055404496304,
        "DMRG_energy_2": -149.31082223743047,
        "DMRG_energy_16": -149.31612521346673,
        "FCI_energy": -149.31613488887027,
        "QSCI_noisy_energy": -149.3107570982537
    },
    "19_500_mean.json": {
        "HF_energy": -150.1161390540852,
        "DMRG_energy_2": -150.11982412261563,
        "DMRG_energy_16": -150.13084353623282,
        "FCI_energy": -150.13087017140398,
        "QSCI_noisy_energy": -150.12898360646605
    },
    "33_500_mean.json": {
        "HF_energy": -150.04474663985366,
        "DMRG_energy_2": -150.05780210312523,
        "DMRG_energy_16": -150.06536568040244,
        "FCI_energy": -150.06539082854388,
        "QSCI_noisy_energy": -150.06209968207784
    },
    "19_425_mean.json": {
        "HF_energy": -150.07153353128462,
        "DMRG_energy_2": -150.0763215844798,
        "DMRG_energy_16": -150.08563434904903,
        "FCI_energy": -150.08564898158698,
        "QSCI_noisy_energy": -150.08404171874662
    },
    "33_425_mean.json": {
        "HF_energy": -150.0512056350707,
        "DMRG_energy_2": -150.06506694053252,
        "DMRG_energy_16": -150.0719850665602,
        "FCI_energy": -150.07199476190556,
        "QSCI_noisy_energy": -150.0695155833653
    },
    "19_200_mean.json": {
        "HF_energy": -147.78915635984424,
        "DMRG_energy_2": -147.79216617137672,
        "DMRG_energy_16": -147.42832509799933,
        "FCI_energy": -147.79770662502142,
        "QSCI_noisy_energy": -147.79357954796512
    },
    "33_200_mean.json": {
        "HF_energy": -149.8455235813901,
        "DMRG_energy_2": -149.85271568957342,
        "DMRG_energy_16": -149.83956444250236,
        "FCI_energy": -149.85851650818438,
        "QSCI_noisy_energy": -149.85326734102813
    },
    "26_425_mean.json": {
        "HF_energy": -150.172194999696,
        "DMRG_energy_2": -150.18014378081045,
        "DMRG_energy_16": -150.19028605991758,
        "FCI_energy": -150.19030228138263,
        "QSCI_noisy_energy": -150.1868249762716
    },
    "26_500_mean.json": {
        "HF_energy": -150.17266779371926,
        "DMRG_energy_2": -150.17913957169395,
        "DMRG_energy_16": -150.1915867848357,
        "FCI_energy": -150.19162238852687,
        "QSCI_noisy_energy": -150.1898674576914
    },
    "26_350_mean.json": {
        "HF_energy": -150.12582782633115,
        "DMRG_energy_2": -150.13381871832703,
        "DMRG_energy_16": -150.14184389494417,
        "FCI_energy": -150.14185872313857,
        "QSCI_noisy_energy": -150.1400908756728
    },
    "26_275_mean.json": {
        "HF_energy": -149.9616740406819,
        "DMRG_energy_2": -149.9691809891844,
        "DMRG_energy_16": -149.97508666041676,
        "FCI_energy": -149.97509808505419,
        "QSCI_noisy_energy": -149.97060272404664
    }
}